slot_index,timeslot,assignments
0,Monday 08:00–09:00,
1,Monday 09:00–10:00,"(P04,PH672,G1)"
2,Monday 10:00–11:00,"(P04,PH581,G1)"
3,Monday 11:00–12:00,"(P03,DS390,science_lab_2); (P22,CH588,G1)"
4,Monday 13:00–14:00,"(P13,BI106,G1)"
5,Monday 14:00–15:00,"(P01,EE824,G1)"
6,Monday 15:00–16:00,"(P18,EE941,G1)"
7,Monday 16:00–17:00,"(P04,CS300,G1)"
8,Tuesday 08:00–09:00,"(P25,BI181,G1)"
9,Tuesday 09:00–10:00,"(P26,BI390,G1)"
10,Tuesday 10:00–11:00,"(P02,CS411,computers_1)"
11,Tuesday 11:00–12:00,"(P04,MA870,G1)"
12,Tuesday 13:00–14:00,
13,Tuesday 14:00–15:00,"(P01,CS549,G1)"
14,Tuesday 15:00–16:00,"(P01,CS385,G1)"
15,Tuesday 16:00–17:00,"(P09,EC180,G1)"
16,Wednesday 08:00–09:00,"(P10,DS580,computers_1)"
17,Wednesday 09:00–10:00,"(P10,EC348,computers_1)"
18,Wednesday 10:00–11:00,"(P13,DS780,computers_1)"
19,Wednesday 11:00–12:00,"(P12,CH254,G1)"
20,Wednesday 13:00–14:00,"(P03,CS416,G1)"
21,Wednesday 14:00–15:00,"(P07,EC842,G1)"
22,Wednesday 15:00–16:00,"(P12,DS354,G1)"
23,Wednesday 16:00–17:00,"(P11,DS775,G1)"
24,Thursday 08:00–09:00,"(P16,EE144,G2)"
25,Thursday 09:00–10:00,"(P24,CH460,art_1)"
26,Thursday 10:00–11:00,"(P17,EE767,G1)"
27,Thursday 11:00–12:00,"(P04,EC501,computers_1)"
28,Thursday 13:00–14:00,"(P02,CS115,G1)"
29,Thursday 14:00–15:00,"(P08,DS891,G1)"
30,Thursday 15:00–16:00,"(P19,EE922,science_lab_1)"
31,Thursday 16:00–17:00,"(P23,CH708,computers_1)"
32,Friday 08:00–09:00,
33,Friday 09:00–10:00,"(P15,DS613,science_lab_2)"
34,Friday 10:00–11:00,"(P05,PH498,G1); (P21,CH838,computers_2)"
35,Friday 11:00–12:00,"(P06,EC166,G1)"
36,Friday 13:00–14:00,"(P08,EC228,computers_2)"
37,Friday 14:00–15:00,"(P10,CH319,art_1)"
38,Friday 15:00–16:00,"(P07,EC524,computers_1)"
39,Friday 16:00–17:00,"(P14,DS456,G1); (P20,CH318,G2)"
