kind,id,department,professor,subject,available_slots,equipment,allowed_subjects,required_equipment,target_course,weight,from_course,to_course,min_gap,max_gap,same_day
course,2nde1_FR_1,2nde1,FR_P01,FR,,,,,,,,,,,
course,2nde1_FR_2,2nde1,FR_P01,FR,,,,,,,,,,,
course,2nde1_FR_3,2nde1,FR_P01,FR,,,,,,,,,,,
course,2nde1_FR_4,2nde1,FR_P01,FR,,,,,,,,,,,
course,2nde1_MATH_1,2nde1,MATH_P04,MATH,,,,,,,,,,,
course,2nde1_MATH_2,2nde1,MATH_P04,MATH,,,,,,,,,,,
course,2nde1_MATH_3,2nde1,MATH_P04,MATH,,,,,,,,,,,
course,2nde1_MATH_4,2nde1,MATH_P04,MATH,,,,,,,,,,,
course,2nde1_HG_1,2nde1,HG_P01,HG,,,,,,,,,,,
course,2nde1_HG_2,2nde1,HG_P01,HG,,,,,,,,,,,
course,2nde1_HG_3,2nde1,HG_P01,HG,,,,,,,,,,,
course,2nde1_ENG_1,2nde1,ENG_P01,ENG,,,,,,,,,,,
course,2nde1_ENG_2,2nde1,ENG_P01,ENG,,,,,,,,,,,
course,2nde1_ENG_3,2nde1,ENG_P01,ENG,,,,,,,,,,,
course,2nde1_L2_1,2nde1,L2_P02,L2,,,,,,,,,,,
course,2nde1_L2_2,2nde1,L2_P02,L2,,,,,,,,,,,
course,2nde1_PHYS_1,2nde1,PHYS_P01,PHYS,,,,,,,,,,,
course,2nde1_PHYS_2,2nde1,PHYS_P01,PHYS,,,,,,,,,,,
course,2nde1_PHYS_3,2nde1,PHYS_P01,PHYS,,,,lab,,,,,,,
course,2nde1_SVT_1,2nde1,SVT_P01,SVT,,,,,,,,,,,
course,2nde1_SVT_2,2nde1,SVT_P01,SVT,,,,lab,,,,,,,
course,2nde1_SES_1,2nde1,SES_P02,SES,,,,,,,,,,,
course,2nde1_SNT_1,2nde1,SNT_P01,SNT,,,,computers,,,,,,,
course,2nde1_EPS_1,2nde1,EPS_P02,EPS,,,,gym,,,,,,,
course,2nde1_EPS_2,2nde1,EPS_P02,EPS,,,,gym,,,,,,,
course,2nde1_EMC_1,2nde1,EMC_P01,EMC,,,,,,,,,,,
course,2nde1_AP_1,2nde1,AP_P02,AP,,,,,,,,,,,
course,2nde1_AP_2,2nde1,AP_P02,AP,,,,,,,,,,,
course,2nde1_AP_3,2nde1,AP_P02,AP,,,,,,,,,,,
course,2nde1_AP_4,2nde1,AP_P02,AP,,,,,,,,,,,
course,1re1_FR_1,1re1,FR_P03,FR,,,,,,,,,,,
course,1re1_FR_2,1re1,FR_P03,FR,,,,,,,,,,,
course,1re1_FR_3,1re1,FR_P03,FR,,,,,,,,,,,
course,1re1_FR_4,1re1,FR_P03,FR,,,,,,,,,,,
course,1re1_MATH_1,1re1,MATH_P03,MATH,,,,,,,,,,,
course,1re1_MATH_2,1re1,MATH_P03,MATH,,,,,,,,,,,
course,1re1_MATH_3,1re1,MATH_P03,MATH,,,,,,,,,,,
course,1re1_MATH_4,1re1,MATH_P03,MATH,,,,,,,,,,,
course,1re1_HG_1,1re1,HG_P02,HG,,,,,,,,,,,
course,1re1_HG_2,1re1,HG_P02,HG,,,,,,,,,,,
course,1re1_HG_3,1re1,HG_P02,HG,,,,,,,,,,,
course,1re1_ENG_1,1re1,ENG_P03,ENG,,,,,,,,,,,
course,1re1_ENG_2,1re1,ENG_P03,ENG,,,,,,,,,,,
course,1re1_L2_1,1re1,L2_P01,L2,,,,,,,,,,,
course,1re1_L2_2,1re1,L2_P01,L2,,,,,,,,,,,
course,1re1_EPS_1,1re1,EPS_P01,EPS,,,,gym,,,,,,,
course,1re1_EPS_2,1re1,EPS_P01,EPS,,,,gym,,,,,,,
course,1re1_EMC_1,1re1,EMC_P01,EMC,,,,,,,,,,,
course,1re1_ENSCI_1,1re1,ENSCI_P02,ENSCI,,,,,,,,,,,
course,1re1_ENSCI_2,1re1,ENSCI_P02,ENSCI,,,,lab,,,,,,,
course,1re1_SES_1,1re1,SES_P01,SES,,,,,,,,,,,
course,1re1_SES_2,1re1,SES_P01,SES,,,,,,,,,,,
course,1re1_MATHS_SPE_1,1re1,MATHS_SPE_P01,MATHS_SPE,,,,,,,,,,,
course,1re1_MATHS_SPE_2,1re1,MATHS_SPE_P01,MATHS_SPE,,,,,,,,,,,
course,1re1_MATHS_SPE_3,1re1,MATHS_SPE_P01,MATHS_SPE,,,,,,,,,,,
course,1re1_PHYS_SPE_1,1re1,PHYS_SPE_P01,PHYS_SPE,,,,,,,,,,,
course,1re1_PHYS_SPE_2,1re1,PHYS_SPE_P01,PHYS_SPE,,,,,,,,,,,
course,1re1_PHYS_SPE_3,1re1,PHYS_SPE_P01,PHYS_SPE,,,,,,,,,,,
course,1re1_SES_SPE_1,1re1,SES_SPE_P01,SES_SPE,,,,,,,,,,,
course,1re1_SES_SPE_2,1re1,SES_SPE_P01,SES_SPE,,,,,,,,,,,
course,Tle1_PHILO_1,Tle1,PHILO_P01,PHILO,,,,,,,,,,,
course,Tle1_PHILO_2,Tle1,PHILO_P01,PHILO,,,,,,,,,,,
course,Tle1_PHILO_3,Tle1,PHILO_P01,PHILO,,,,,,,,,,,
course,Tle1_PHILO_4,Tle1,PHILO_P01,PHILO,,,,,,,,,,,
course,Tle1_MATH_1,Tle1,MATH_P01,MATH,,,,,,,,,,,
course,Tle1_MATH_2,Tle1,MATH_P01,MATH,,,,,,,,,,,
course,Tle1_MATH_3,Tle1,MATH_P01,MATH,,,,,,,,,,,
course,Tle1_HG_1,Tle1,HG_P03,HG,,,,,,,,,,,
course,Tle1_HG_2,Tle1,HG_P03,HG,,,,,,,,,,,
course,Tle1_HG_3,Tle1,HG_P03,HG,,,,,,,,,,,
course,Tle1_ENG_1,Tle1,ENG_P02,ENG,,,,,,,,,,,
course,Tle1_ENG_2,Tle1,ENG_P02,ENG,,,,,,,,,,,
course,Tle1_L2_1,Tle1,L2_P02,L2,,,,,,,,,,,
course,Tle1_L2_2,Tle1,L2_P02,L2,,,,,,,,,,,
course,Tle1_EPS_1,Tle1,EPS_P01,EPS,,,,gym,,,,,,,
course,Tle1_EPS_2,Tle1,EPS_P01,EPS,,,,gym,,,,,,,
course,Tle1_EMC_1,Tle1,EMC_P01,EMC,,,,,,,,,,,
course,Tle1_ENSCI_1,Tle1,ENSCI_P01,ENSCI,,,,,,,,,,,
course,Tle1_ENSCI_2,Tle1,ENSCI_P01,ENSCI,,,,lab,,,,,,,
course,Tle1_SES_1,Tle1,SES_P02,SES,,,,,,,,,,,
course,Tle1_SES_2,Tle1,SES_P02,SES,,,,,,,,,,,
course,Tle1_PHYS_SPE_1,Tle1,PHYS_SPE_P01,PHYS_SPE,,,,,,,,,,,
course,Tle1_PHYS_SPE_2,Tle1,PHYS_SPE_P01,PHYS_SPE,,,,,,,,,,,
course,Tle1_SES_SPE_1,Tle1,SES_SPE_P01,SES_SPE,,,,,,,,,,,
course,Tle1_SES_SPE_2,Tle1,SES_SPE_P01,SES_SPE,,,,,,,,,,,
course,Tle1_HGGSP_1,Tle1,HGGSP_P01,HGGSP,,,,,,,,,,,
course,Tle1_HGGSP_2,Tle1,HGGSP_P01,HGGSP,,,,,,,,,,,
course,Tle1_AP_1,Tle1,AP_P01,AP,,,,,,,,,,,
course,Tle1_AP_2,Tle1,AP_P01,AP,,,,,,,,,,,
course,Tle1_ORAL_1,Tle1,ORAL_P01,ORAL,,,,,,,,,,,
course,2nde2_FR_1,2nde2,FR_P02,FR,,,,,,,,,,,
course,2nde2_FR_2,2nde2,FR_P02,FR,,,,,,,,,,,
course,2nde2_FR_3,2nde2,FR_P02,FR,,,,,,,,,,,
course,2nde2_FR_4,2nde2,FR_P02,FR,,,,,,,,,,,
course,2nde2_MATH_1,2nde2,MATH_P02,MATH,,,,,,,,,,,
course,2nde2_MATH_2,2nde2,MATH_P02,MATH,,,,,,,,,,,
course,2nde2_MATH_3,2nde2,MATH_P02,MATH,,,,,,,,,,,
course,2nde2_MATH_4,2nde2,MATH_P02,MATH,,,,,,,,,,,
course,2nde2_HG_1,2nde2,HG_P02,HG,,,,,,,,,,,
course,2nde2_HG_2,2nde2,HG_P02,HG,,,,,,,,,,,
course,2nde2_HG_3,2nde2,HG_P02,HG,,,,,,,,,,,
course,2nde2_ENG_1,2nde2,ENG_P03,ENG,,,,,,,,,,,
course,2nde2_ENG_2,2nde2,ENG_P03,ENG,,,,,,,,,,,
course,2nde2_ENG_3,2nde2,ENG_P03,ENG,,,,,,,,,,,
course,2nde2_L2_1,2nde2,L2_P01,L2,,,,,,,,,,,
course,2nde2_L2_2,2nde2,L2_P01,L2,,,,,,,,,,,
course,2nde2_PHYS_1,2nde2,PHYS_P01,PHYS,,,,,,,,,,,
course,2nde2_PHYS_2,2nde2,PHYS_P01,PHYS,,,,,,,,,,,
course,2nde2_PHYS_3,2nde2,PHYS_P01,PHYS,,,,lab,,,,,,,
course,2nde2_SVT_1,2nde2,SVT_P01,SVT,,,,,,,,,,,
course,2nde2_SVT_2,2nde2,SVT_P01,SVT,,,,lab,,,,,,,
course,2nde2_SES_1,2nde2,SES_P01,SES,,,,,,,,,,,
course,2nde2_SNT_1,2nde2,SNT_P01,SNT,,,,computers,,,,,,,
course,2nde2_EPS_1,2nde2,EPS_P02,EPS,,,,gym,,,,,,,
course,2nde2_EPS_2,2nde2,EPS_P02,EPS,,,,gym,,,,,,,
course,2nde2_EMC_1,2nde2,EMC_P01,EMC,,,,,,,,,,,
course,2nde2_AP_1,2nde2,AP_P01,AP,,,,,,,,,,,
course,2nde2_AP_2,2nde2,AP_P01,AP,,,,,,,,,,,
course,2nde2_AP_3,2nde2,AP_P01,AP,,,,,,,,,,,
course,2nde2_AP_4,2nde2,AP_P01,AP,,,,,,,,,,,
course,1re2_FR_1,1re2,FR_P02,FR,,,,,,,,,,,
course,1re2_FR_2,1re2,FR_P02,FR,,,,,,,,,,,
course,1re2_FR_3,1re2,FR_P02,FR,,,,,,,,,,,
course,1re2_FR_4,1re2,FR_P02,FR,,,,,,,,,,,
course,1re2_MATH_1,1re2,MATH_P01,MATH,,,,,,,,,,,
course,1re2_MATH_2,1re2,MATH_P01,MATH,,,,,,,,,,,
course,1re2_MATH_3,1re2,MATH_P01,MATH,,,,,,,,,,,
course,1re2_MATH_4,1re2,MATH_P01,MATH,,,,,,,,,,,
course,1re2_HG_1,1re2,HG_P01,HG,,,,,,,,,,,
course,1re2_HG_2,1re2,HG_P01,HG,,,,,,,,,,,
course,1re2_HG_3,1re2,HG_P01,HG,,,,,,,,,,,
course,1re2_ENG_1,1re2,ENG_P02,ENG,,,,,,,,,,,
course,1re2_ENG_2,1re2,ENG_P02,ENG,,,,,,,,,,,
course,1re2_L2_1,1re2,L2_P01,L2,,,,,,,,,,,
course,1re2_L2_2,1re2,L2_P01,L2,,,,,,,,,,,
course,1re2_EPS_1,1re2,EPS_P02,EPS,,,,gym,,,,,,,
course,1re2_EPS_2,1re2,EPS_P02,EPS,,,,gym,,,,,,,
course,1re2_EMC_1,1re2,EMC_P01,EMC,,,,,,,,,,,
course,1re2_ENSCI_1,1re2,ENSCI_P01,ENSCI,,,,,,,,,,,
course,1re2_ENSCI_2,1re2,ENSCI_P01,ENSCI,,,,lab,,,,,,,
course,1re2_SES_1,1re2,SES_P01,SES,,,,,,,,,,,
course,1re2_SES_2,1re2,SES_P01,SES,,,,,,,,,,,
course,1re2_HGGSP_1,1re2,HGGSP_P01,HGGSP,,,,,,,,,,,
course,1re2_HGGSP_2,1re2,HGGSP_P01,HGGSP,,,,,,,,,,,
course,1re2_HGGSP_3,1re2,HGGSP_P01,HGGSP,,,,,,,,,,,
course,1re2_NSI_1,1re2,NSI_P01,NSI,,,,computers,,,,,,,
course,1re2_NSI_2,1re2,NSI_P01,NSI,,,,computers,,,,,,,
course,1re2_NSI_3,1re2,NSI_P01,NSI,,,,computers,,,,,,,
course,1re2_MATHS_SPE_1,1re2,MATHS_SPE_P01,MATHS_SPE,,,,,,,,,,,
course,1re2_MATHS_SPE_2,1re2,MATHS_SPE_P01,MATHS_SPE,,,,,,,,,,,
course,Tle2_PHILO_1,Tle2,PHILO_P01,PHILO,,,,,,,,,,,
course,Tle2_PHILO_2,Tle2,PHILO_P01,PHILO,,,,,,,,,,,
course,Tle2_PHILO_3,Tle2,PHILO_P01,PHILO,,,,,,,,,,,
course,Tle2_PHILO_4,Tle2,PHILO_P01,PHILO,,,,,,,,,,,
course,Tle2_MATH_1,Tle2,MATH_P02,MATH,,,,,,,,,,,
course,Tle2_MATH_2,Tle2,MATH_P02,MATH,,,,,,,,,,,
course,Tle2_MATH_3,Tle2,MATH_P02,MATH,,,,,,,,,,,
course,Tle2_HG_1,Tle2,HG_P03,HG,,,,,,,,,,,
course,Tle2_HG_2,Tle2,HG_P03,HG,,,,,,,,,,,
course,Tle2_HG_3,Tle2,HG_P03,HG,,,,,,,,,,,
course,Tle2_ENG_1,Tle2,ENG_P01,ENG,,,,,,,,,,,
course,Tle2_ENG_2,Tle2,ENG_P01,ENG,,,,,,,,,,,
course,Tle2_L2_1,Tle2,L2_P02,L2,,,,,,,,,,,
course,Tle2_L2_2,Tle2,L2_P02,L2,,,,,,,,,,,
course,Tle2_EPS_1,Tle2,EPS_P01,EPS,,,,gym,,,,,,,
course,Tle2_EPS_2,Tle2,EPS_P01,EPS,,,,gym,,,,,,,
course,Tle2_EMC_1,Tle2,EMC_P01,EMC,,,,,,,,,,,
course,Tle2_ENSCI_1,Tle2,ENSCI_P02,ENSCI,,,,,,,,,,,
course,Tle2_ENSCI_2,Tle2,ENSCI_P02,ENSCI,,,,lab,,,,,,,
course,Tle2_SES_1,Tle2,SES_P02,SES,,,,,,,,,,,
course,Tle2_SES_2,Tle2,SES_P02,SES,,,,,,,,,,,
course,Tle2_NSI_1,Tle2,NSI_P01,NSI,,,,computers,,,,,,,
course,Tle2_NSI_2,Tle2,NSI_P01,NSI,,,,computers,,,,,,,
course,Tle2_MATHS_SPE_1,Tle2,MATHS_SPE_P01,MATHS_SPE,,,,,,,,,,,
course,Tle2_MATHS_SPE_2,Tle2,MATHS_SPE_P01,MATHS_SPE,,,,,,,,,,,
course,Tle2_PHYS_SPE_1,Tle2,PHYS_SPE_P01,PHYS_SPE,,,,,,,,,,,
course,Tle2_PHYS_SPE_2,Tle2,PHYS_SPE_P01,PHYS_SPE,,,,,,,,,,,
course,Tle2_AP_1,Tle2,AP_P02,AP,,,,,,,,,,,
course,Tle2_AP_2,Tle2,AP_P02,AP,,,,,,,,,,,
course,Tle2_ORAL_1,Tle2,ORAL_P01,ORAL,,,,,,,,,,,
course,2nde3_FR_1,2nde3,FR_P03,FR,,,,,,,,,,,
course,2nde3_FR_2,2nde3,FR_P03,FR,,,,,,,,,,,
course,2nde3_FR_3,2nde3,FR_P03,FR,,,,,,,,,,,
course,2nde3_FR_4,2nde3,FR_P03,FR,,,,,,,,,,,
course,2nde3_MATH_1,2nde3,MATH_P04,MATH,,,,,,,,,,,
course,2nde3_MATH_2,2nde3,MATH_P04,MATH,,,,,,,,,,,
course,2nde3_MATH_3,2nde3,MATH_P04,MATH,,,,,,,,,,,
course,2nde3_MATH_4,2nde3,MATH_P04,MATH,,,,,,,,,,,
course,2nde3_HG_1,2nde3,HG_P01,HG,,,,,,,,,,,
course,2nde3_HG_2,2nde3,HG_P01,HG,,,,,,,,,,,
course,2nde3_HG_3,2nde3,HG_P01,HG,,,,,,,,,,,
course,2nde3_ENG_1,2nde3,ENG_P02,ENG,,,,,,,,,,,
course,2nde3_ENG_2,2nde3,ENG_P02,ENG,,,,,,,,,,,
course,2nde3_ENG_3,2nde3,ENG_P02,ENG,,,,,,,,,,,
course,2nde3_L2_1,2nde3,L2_P02,L2,,,,,,,,,,,
course,2nde3_L2_2,2nde3,L2_P02,L2,,,,,,,,,,,
course,2nde3_PHYS_1,2nde3,PHYS_P01,PHYS,,,,,,,,,,,
course,2nde3_PHYS_2,2nde3,PHYS_P01,PHYS,,,,,,,,,,,
course,2nde3_PHYS_3,2nde3,PHYS_P01,PHYS,,,,lab,,,,,,,
course,2nde3_SVT_1,2nde3,SVT_P01,SVT,,,,,,,,,,,
course,2nde3_SVT_2,2nde3,SVT_P01,SVT,,,,lab,,,,,,,
course,2nde3_SES_1,2nde3,SES_P01,SES,,,,,,,,,,,
course,2nde3_SNT_1,2nde3,SNT_P01,SNT,,,,computers,,,,,,,
course,2nde3_EPS_1,2nde3,EPS_P01,EPS,,,,gym,,,,,,,
course,2nde3_EPS_2,2nde3,EPS_P01,EPS,,,,gym,,,,,,,
course,2nde3_EMC_1,2nde3,EMC_P01,EMC,,,,,,,,,,,
course,2nde3_AP_1,2nde3,AP_P01,AP,,,,,,,,,,,
course,2nde3_AP_2,2nde3,AP_P01,AP,,,,,,,,,,,
course,2nde3_AP_3,2nde3,AP_P01,AP,,,,,,,,,,,
course,2nde3_AP_4,2nde3,AP_P01,AP,,,,,,,,,,,
course,1re3_FR_1,1re3,FR_P01,FR,,,,,,,,,,,
course,1re3_FR_2,1re3,FR_P01,FR,,,,,,,,,,,
course,1re3_FR_3,1re3,FR_P01,FR,,,,,,,,,,,
course,1re3_FR_4,1re3,FR_P01,FR,,,,,,,,,,,
course,1re3_MATH_1,1re3,MATH_P03,MATH,,,,,,,,,,,
course,1re3_MATH_2,1re3,MATH_P03,MATH,,,,,,,,,,,
course,1re3_MATH_3,1re3,MATH_P03,MATH,,,,,,,,,,,
course,1re3_MATH_4,1re3,MATH_P03,MATH,,,,,,,,,,,
course,1re3_HG_1,1re3,HG_P03,HG,,,,,,,,,,,
course,1re3_HG_2,1re3,HG_P03,HG,,,,,,,,,,,
course,1re3_HG_3,1re3,HG_P03,HG,,,,,,,,,,,
course,1re3_ENG_1,1re3,ENG_P01,ENG,,,,,,,,,,,
course,1re3_ENG_2,1re3,ENG_P01,ENG,,,,,,,,,,,
course,1re3_L2_1,1re3,L2_P01,L2,,,,,,,,,,,
course,1re3_L2_2,1re3,L2_P01,L2,,,,,,,,,,,
course,1re3_EPS_1,1re3,EPS_P02,EPS,,,,gym,,,,,,,
course,1re3_EPS_2,1re3,EPS_P02,EPS,,,,gym,,,,,,,
course,1re3_EMC_1,1re3,EMC_P01,EMC,,,,,,,,,,,
course,1re3_ENSCI_1,1re3,ENSCI_P02,ENSCI,,,,,,,,,,,
course,1re3_ENSCI_2,1re3,ENSCI_P02,ENSCI,,,,lab,,,,,,,
course,1re3_SES_1,1re3,SES_P02,SES,,,,,,,,,,,
course,1re3_SES_2,1re3,SES_P02,SES,,,,,,,,,,,
course,1re3_PHYS_SPE_1,1re3,PHYS_SPE_P01,PHYS_SPE,,,,,,,,,,,
course,1re3_PHYS_SPE_2,1re3,PHYS_SPE_P01,PHYS_SPE,,,,,,,,,,,
course,1re3_PHYS_SPE_3,1re3,PHYS_SPE_P01,PHYS_SPE,,,,,,,,,,,
course,1re3_SES_SPE_1,1re3,SES_SPE_P01,SES_SPE,,,,,,,,,,,
course,1re3_SES_SPE_2,1re3,SES_SPE_P01,SES_SPE,,,,,,,,,,,
course,1re3_SES_SPE_3,1re3,SES_SPE_P01,SES_SPE,,,,,,,,,,,
course,1re3_HGGSP_1,1re3,HGGSP_P01,HGGSP,,,,,,,,,,,
course,1re3_HGGSP_2,1re3,HGGSP_P01,HGGSP,,,,,,,,,,,
course,Tle3_PHILO_1,Tle3,PHILO_P01,PHILO,,,,,,,,,,,
course,Tle3_PHILO_2,Tle3,PHILO_P01,PHILO,,,,,,,,,,,
course,Tle3_PHILO_3,Tle3,PHILO_P01,PHILO,,,,,,,,,,,
course,Tle3_PHILO_4,Tle3,PHILO_P01,PHILO,,,,,,,,,,,
course,Tle3_MATH_1,Tle3,MATH_P01,MATH,,,,,,,,,,,
course,Tle3_MATH_2,Tle3,MATH_P01,MATH,,,,,,,,,,,
course,Tle3_MATH_3,Tle3,MATH_P01,MATH,,,,,,,,,,,
course,Tle3_HG_1,Tle3,HG_P02,HG,,,,,,,,,,,
course,Tle3_HG_2,Tle3,HG_P02,HG,,,,,,,,,,,
course,Tle3_HG_3,Tle3,HG_P02,HG,,,,,,,,,,,
course,Tle3_ENG_1,Tle3,ENG_P03,ENG,,,,,,,,,,,
course,Tle3_ENG_2,Tle3,ENG_P03,ENG,,,,,,,,,,,
course,Tle3_L2_1,Tle3,L2_P01,L2,,,,,,,,,,,
course,Tle3_L2_2,Tle3,L2_P01,L2,,,,,,,,,,,
course,Tle3_EPS_1,Tle3,EPS_P02,EPS,,,,gym,,,,,,,
course,Tle3_EPS_2,Tle3,EPS_P02,EPS,,,,gym,,,,,,,
course,Tle3_EMC_1,Tle3,EMC_P01,EMC,,,,,,,,,,,
course,Tle3_ENSCI_1,Tle3,ENSCI_P01,ENSCI,,,,,,,,,,,
course,Tle3_ENSCI_2,Tle3,ENSCI_P01,ENSCI,,,,lab,,,,,,,
course,Tle3_SES_1,Tle3,SES_P01,SES,,,,,,,,,,,
course,Tle3_SES_2,Tle3,SES_P01,SES,,,,,,,,,,,
course,Tle3_SES_SPE_1,Tle3,SES_SPE_P01,SES_SPE,,,,,,,,,,,
course,Tle3_SES_SPE_2,Tle3,SES_SPE_P01,SES_SPE,,,,,,,,,,,
course,Tle3_HGGSP_1,Tle3,HGGSP_P01,HGGSP,,,,,,,,,,,
course,Tle3_HGGSP_2,Tle3,HGGSP_P01,HGGSP,,,,,,,,,,,
course,Tle3_NSI_1,Tle3,NSI_P01,NSI,,,,computers,,,,,,,
course,Tle3_NSI_2,Tle3,NSI_P01,NSI,,,,computers,,,,,,,
course,Tle3_AP_1,Tle3,AP_P02,AP,,,,,,,,,,,
course,Tle3_AP_2,Tle3,AP_P02,AP,,,,,,,,,,,
course,Tle3_ORAL_1,Tle3,ORAL_P01,ORAL,,,,,,,,,,,
course,2nde4_FR_1,2nde4,FR_P03,FR,,,,,,,,,,,
course,2nde4_FR_2,2nde4,FR_P03,FR,,,,,,,,,,,
course,2nde4_FR_3,2nde4,FR_P03,FR,,,,,,,,,,,
course,2nde4_FR_4,2nde4,FR_P03,FR,,,,,,,,,,,
course,2nde4_MATH_1,2nde4,MATH_P02,MATH,,,,,,,,,,,
course,2nde4_MATH_2,2nde4,MATH_P02,MATH,,,,,,,,,,,
course,2nde4_MATH_3,2nde4,MATH_P02,MATH,,,,,,,,,,,
course,2nde4_MATH_4,2nde4,MATH_P02,MATH,,,,,,,,,,,
course,2nde4_HG_1,2nde4,HG_P02,HG,,,,,,,,,,,
course,2nde4_HG_2,2nde4,HG_P02,HG,,,,,,,,,,,
course,2nde4_HG_3,2nde4,HG_P02,HG,,,,,,,,,,,
course,2nde4_ENG_1,2nde4,ENG_P03,ENG,,,,,,,,,,,
course,2nde4_ENG_2,2nde4,ENG_P03,ENG,,,,,,,,,,,
course,2nde4_ENG_3,2nde4,ENG_P03,ENG,,,,,,,,,,,
course,2nde4_L2_1,2nde4,L2_P02,L2,,,,,,,,,,,
course,2nde4_L2_2,2nde4,L2_P02,L2,,,,,,,,,,,
course,2nde4_PHYS_1,2nde4,PHYS_P01,PHYS,,,,,,,,,,,
course,2nde4_PHYS_2,2nde4,PHYS_P01,PHYS,,,,,,,,,,,
course,2nde4_PHYS_3,2nde4,PHYS_P01,PHYS,,,,lab,,,,,,,
course,2nde4_SVT_1,2nde4,SVT_P01,SVT,,,,,,,,,,,
course,2nde4_SVT_2,2nde4,SVT_P01,SVT,,,,lab,,,,,,,
course,2nde4_SES_1,2nde4,SES_P02,SES,,,,,,,,,,,
course,2nde4_SNT_1,2nde4,SNT_P01,SNT,,,,computers,,,,,,,
course,2nde4_EPS_1,2nde4,EPS_P01,EPS,,,,gym,,,,,,,
course,2nde4_EPS_2,2nde4,EPS_P01,EPS,,,,gym,,,,,,,
course,2nde4_EMC_1,2nde4,EMC_P01,EMC,,,,,,,,,,,
course,2nde4_AP_1,2nde4,AP_P02,AP,,,,,,,,,,,
course,2nde4_AP_2,2nde4,AP_P02,AP,,,,,,,,,,,
course,2nde4_AP_3,2nde4,AP_P02,AP,,,,,,,,,,,
course,2nde4_AP_4,2nde4,AP_P02,AP,,,,,,,,,,,
course,1re4_FR_1,1re4,FR_P01,FR,,,,,,,,,,,
course,1re4_FR_2,1re4,FR_P01,FR,,,,,,,,,,,
course,1re4_FR_3,1re4,FR_P01,FR,,,,,,,,,,,
course,1re4_FR_4,1re4,FR_P01,FR,,,,,,,,,,,
course,1re4_MATH_1,1re4,MATH_P03,MATH,,,,,,,,,,,
course,1re4_MATH_2,1re4,MATH_P03,MATH,,,,,,,,,,,
course,1re4_MATH_3,1re4,MATH_P03,MATH,,,,,,,,,,,
course,1re4_MATH_4,1re4,MATH_P03,MATH,,,,,,,,,,,
course,1re4_HG_1,1re4,HG_P03,HG,,,,,,,,,,,
course,1re4_HG_2,1re4,HG_P03,HG,,,,,,,,,,,
course,1re4_HG_3,1re4,HG_P03,HG,,,,,,,,,,,
course,1re4_ENG_1,1re4,ENG_P01,ENG,,,,,,,,,,,
course,1re4_ENG_2,1re4,ENG_P01,ENG,,,,,,,,,,,
course,1re4_L2_1,1re4,L2_P01,L2,,,,,,,,,,,
course,1re4_L2_2,1re4,L2_P01,L2,,,,,,,,,,,
course,1re4_EPS_1,1re4,EPS_P01,EPS,,,,gym,,,,,,,
course,1re4_EPS_2,1re4,EPS_P01,EPS,,,,gym,,,,,,,
course,1re4_EMC_1,1re4,EMC_P01,EMC,,,,,,,,,,,
course,1re4_ENSCI_1,1re4,ENSCI_P01,ENSCI,,,,,,,,,,,
course,1re4_ENSCI_2,1re4,ENSCI_P01,ENSCI,,,,lab,,,,,,,
course,1re4_SES_1,1re4,SES_P02,SES,,,,,,,,,,,
course,1re4_SES_2,1re4,SES_P02,SES,,,,,,,,,,,
course,1re4_NSI_1,1re4,NSI_P01,NSI,,,,computers,,,,,,,
course,1re4_NSI_2,1re4,NSI_P01,NSI,,,,computers,,,,,,,
course,1re4_NSI_3,1re4,NSI_P01,NSI,,,,computers,,,,,,,
course,1re4_MATHS_SPE_1,1re4,MATHS_SPE_P01,MATHS_SPE,,,,,,,,,,,
course,1re4_MATHS_SPE_2,1re4,MATHS_SPE_P01,MATHS_SPE,,,,,,,,,,,
course,1re4_MATHS_SPE_3,1re4,MATHS_SPE_P01,MATHS_SPE,,,,,,,,,,,
course,1re4_PHYS_SPE_1,1re4,PHYS_SPE_P01,PHYS_SPE,,,,,,,,,,,
course,1re4_PHYS_SPE_2,1re4,PHYS_SPE_P01,PHYS_SPE,,,,,,,,,,,
course,Tle4_PHILO_1,Tle4,PHILO_P01,PHILO,,,,,,,,,,,
course,Tle4_PHILO_2,Tle4,PHILO_P01,PHILO,,,,,,,,,,,
course,Tle4_PHILO_3,Tle4,PHILO_P01,PHILO,,,,,,,,,,,
course,Tle4_PHILO_4,Tle4,PHILO_P01,PHILO,,,,,,,,,,,
course,Tle4_MATH_1,Tle4,MATH_P04,MATH,,,,,,,,,,,
course,Tle4_MATH_2,Tle4,MATH_P04,MATH,,,,,,,,,,,
course,Tle4_MATH_3,Tle4,MATH_P04,MATH,,,,,,,,,,,
course,Tle4_HG_1,Tle4,HG_P01,HG,,,,,,,,,,,
course,Tle4_HG_2,Tle4,HG_P01,HG,,,,,,,,,,,
course,Tle4_HG_3,Tle4,HG_P01,HG,,,,,,,,,,,
course,Tle4_ENG_1,Tle4,ENG_P02,ENG,,,,,,,,,,,
course,Tle4_ENG_2,Tle4,ENG_P02,ENG,,,,,,,,,,,
course,Tle4_L2_1,Tle4,L2_P02,L2,,,,,,,,,,,
course,Tle4_L2_2,Tle4,L2_P02,L2,,,,,,,,,,,
course,Tle4_EPS_1,Tle4,EPS_P02,EPS,,,,gym,,,,,,,
course,Tle4_EPS_2,Tle4,EPS_P02,EPS,,,,gym,,,,,,,
course,Tle4_EMC_1,Tle4,EMC_P01,EMC,,,,,,,,,,,
course,Tle4_ENSCI_1,Tle4,ENSCI_P02,ENSCI,,,,,,,,,,,
course,Tle4_ENSCI_2,Tle4,ENSCI_P02,ENSCI,,,,lab,,,,,,,
course,Tle4_SES_1,Tle4,SES_P01,SES,,,,,,,,,,,
course,Tle4_SES_2,Tle4,SES_P01,SES,,,,,,,,,,,
course,Tle4_MATHS_SPE_1,Tle4,MATHS_SPE_P01,MATHS_SPE,,,,,,,,,,,
course,Tle4_MATHS_SPE_2,Tle4,MATHS_SPE_P01,MATHS_SPE,,,,,,,,,,,
course,Tle4_PHYS_SPE_1,Tle4,PHYS_SPE_P01,PHYS_SPE,,,,,,,,,,,
course,Tle4_PHYS_SPE_2,Tle4,PHYS_SPE_P01,PHYS_SPE,,,,,,,,,,,
course,Tle4_SES_SPE_1,Tle4,SES_SPE_P01,SES_SPE,,,,,,,,,,,
course,Tle4_SES_SPE_2,Tle4,SES_SPE_P01,SES_SPE,,,,,,,,,,,
course,Tle4_AP_1,Tle4,AP_P01,AP,,,,,,,,,,,
course,Tle4_AP_2,Tle4,AP_P01,AP,,,,,,,,,,,
course,Tle4_ORAL_1,Tle4,ORAL_P01,ORAL,,,,,,,,,,,
course,2nde5_FR_1,2nde5,FR_P02,FR,,,,,,,,,,,
course,2nde5_FR_2,2nde5,FR_P02,FR,,,,,,,,,,,
course,2nde5_FR_3,2nde5,FR_P02,FR,,,,,,,,,,,
course,2nde5_FR_4,2nde5,FR_P02,FR,,,,,,,,,,,
course,2nde5_MATH_1,2nde5,MATH_P01,MATH,,,,,,,,,,,
course,2nde5_MATH_2,2nde5,MATH_P01,MATH,,,,,,,,,,,
course,2nde5_MATH_3,2nde5,MATH_P01,MATH,,,,,,,,,,,
course,2nde5_MATH_4,2nde5,MATH_P01,MATH,,,,,,,,,,,
course,2nde5_HG_1,2nde5,HG_P01,HG,,,,,,,,,,,
course,2nde5_HG_2,2nde5,HG_P01,HG,,,,,,,,,,,
course,2nde5_HG_3,2nde5,HG_P01,HG,,,,,,,,,,,
course,2nde5_ENG_1,2nde5,ENG_P01,ENG,,,,,,,,,,,
course,2nde5_ENG_2,2nde5,ENG_P01,ENG,,,,,,,,,,,
course,2nde5_ENG_3,2nde5,ENG_P01,ENG,,,,,,,,,,,
course,2nde5_L2_1,2nde5,L2_P02,L2,,,,,,,,,,,
course,2nde5_L2_2,2nde5,L2_P02,L2,,,,,,,,,,,
course,2nde5_PHYS_1,2nde5,PHYS_P01,PHYS,,,,,,,,,,,
course,2nde5_PHYS_2,2nde5,PHYS_P01,PHYS,,,,,,,,,,,
course,2nde5_PHYS_3,2nde5,PHYS_P01,PHYS,,,,lab,,,,,,,
course,2nde5_SVT_1,2nde5,SVT_P01,SVT,,,,,,,,,,,
course,2nde5_SVT_2,2nde5,SVT_P01,SVT,,,,lab,,,,,,,
course,2nde5_SES_1,2nde5,SES_P01,SES,,,,,,,,,,,
course,2nde5_SNT_1,2nde5,SNT_P01,SNT,,,,computers,,,,,,,
course,2nde5_EPS_1,2nde5,EPS_P01,EPS,,,,gym,,,,,,,
course,2nde5_EPS_2,2nde5,EPS_P01,EPS,,,,gym,,,,,,,
course,2nde5_EMC_1,2nde5,EMC_P01,EMC,,,,,,,,,,,
course,2nde5_AP_1,2nde5,AP_P02,AP,,,,,,,,,,,
course,2nde5_AP_2,2nde5,AP_P02,AP,,,,,,,,,,,
course,2nde5_AP_3,2nde5,AP_P02,AP,,,,,,,,,,,
course,2nde5_AP_4,2nde5,AP_P02,AP,,,,,,,,,,,
course,1re5_FR_1,1re5,FR_P01,FR,,,,,,,,,,,
course,1re5_FR_2,1re5,FR_P01,FR,,,,,,,,,,,
course,1re5_FR_3,1re5,FR_P01,FR,,,,,,,,,,,
course,1re5_FR_4,1re5,FR_P01,FR,,,,,,,,,,,
course,1re5_MATH_1,1re5,MATH_P02,MATH,,,,,,,,,,,
course,1re5_MATH_2,1re5,MATH_P02,MATH,,,,,,,,,,,
course,1re5_MATH_3,1re5,MATH_P02,MATH,,,,,,,,,,,
course,1re5_MATH_4,1re5,MATH_P02,MATH,,,,,,,,,,,
course,1re5_HG_1,1re5,HG_P02,HG,,,,,,,,,,,
course,1re5_HG_2,1re5,HG_P02,HG,,,,,,,,,,,
course,1re5_HG_3,1re5,HG_P02,HG,,,,,,,,,,,
course,1re5_ENG_1,1re5,ENG_P02,ENG,,,,,,,,,,,
course,1re5_ENG_2,1re5,ENG_P02,ENG,,,,,,,,,,,
course,1re5_L2_1,1re5,L2_P01,L2,,,,,,,,,,,
course,1re5_L2_2,1re5,L2_P01,L2,,,,,,,,,,,
course,1re5_EPS_1,1re5,EPS_P02,EPS,,,,gym,,,,,,,
course,1re5_EPS_2,1re5,EPS_P02,EPS,,,,gym,,,,,,,
course,1re5_EMC_1,1re5,EMC_P01,EMC,,,,,,,,,,,
course,1re5_ENSCI_1,1re5,ENSCI_P02,ENSCI,,,,,,,,,,,
course,1re5_ENSCI_2,1re5,ENSCI_P02,ENSCI,,,,lab,,,,,,,
course,1re5_SES_1,1re5,SES_P02,SES,,,,,,,,,,,
course,1re5_SES_2,1re5,SES_P02,SES,,,,,,,,,,,
course,1re5_SES_SPE_1,1re5,SES_SPE_P01,SES_SPE,,,,,,,,,,,
course,1re5_SES_SPE_2,1re5,SES_SPE_P01,SES_SPE,,,,,,,,,,,
course,1re5_SES_SPE_3,1re5,SES_SPE_P01,SES_SPE,,,,,,,,,,,
course,1re5_HGGSP_1,1re5,HGGSP_P01,HGGSP,,,,,,,,,,,
course,1re5_HGGSP_2,1re5,HGGSP_P01,HGGSP,,,,,,,,,,,
course,1re5_HGGSP_3,1re5,HGGSP_P01,HGGSP,,,,,,,,,,,
course,1re5_NSI_1,1re5,NSI_P01,NSI,,,,computers,,,,,,,
course,1re5_NSI_2,1re5,NSI_P01,NSI,,,,computers,,,,,,,
professor,AP_P01,,,,0;1;2;3;4;6;7;8;9;10;11;12;13;15;16;18;19;21;22;23;24;25;26;27;28;29;30;32;33;34;35;36;38;39,,,,,,,,,,
professor,AP_P02,,,,0;2;4;5;6;8;9;10;12;13;14;16;17;18;19;20;21;22;24;25;26;27;29;30;31;33;34;36;37;38;39,,,,,,,,,,
professor,EMC_P01,,,,0;1;2;3;4;5;7;8;10;11;13;14;15;16;17;18;19;20;21;22;23;24;25;26;27;28;29;30;31;32;33;34;35;36,,,,,,,,,,
professor,ENG_P01,,,,0;1;2;3;4;5;6;7;8;9;10;11;12;13;15;16;17;19;20;22;25;26;27;28;30;31;33;34;36;37;38;39,,,,,,,,,,
professor,ENG_P02,,,,0;2;3;4;6;7;9;10;11;12;13;14;19;21;22;23;24;25;27;28;29;30;31;33;34;35;36;37;38;39,,,,,,,,,,
professor,ENG_P03,,,,0;1;2;3;4;5;6;7;8;10;11;12;13;15;18;19;20;21;22;23;24;25;26;28;29;30;32;33;34;36;37;38;39,,,,,,,,,,
professor,ENSCI_P01,,,,1;2;4;5;6;7;8;9;10;12;13;15;16;17;18;19;20;21;22;23;24;26;27;28;29;31;33;35;36;37;38,,,,,,,,,,
professor,ENSCI_P02,,,,0;1;3;5;6;7;8;11;12;13;15;17;18;19;20;21;23;24;25;26;27;28;30;31;32;33;34;35;37;38;39,,,,,,,,,,
professor,EPS_P01,,,,0;1;2;3;5;6;7;9;10;11;12;13;14;15;16;18;19;20;21;23;24;25;26;27;28;30;31;33;35;36;39,,,,,,,,,,
professor,EPS_P02,,,,2;4;5;7;8;9;10;11;12;13;14;15;16;17;18;19;20;21;22;23;24;25;26;27;28;29;30;31;32;34;35;36;38,,,,,,,,,,
professor,FR_P01,,,,1;2;3;5;6;7;8;9;11;12;13;14;15;16;17;18;19;20;21;22;23;24;25;26;27;28;29;30;34;35;38;39,,,,,,,,,,
professor,FR_P02,,,,1;2;3;4;5;6;7;8;9;10;11;12;13;15;16;17;19;21;22;23;25;27;28;29;30;31;32;34;35;37;38,,,,,,,,,,
professor,FR_P03,,,,0;1;2;4;5;8;10;11;12;13;14;15;16;17;19;20;21;22;23;24;25;26;28;29;30;31;32;33;34;37,,,,,,,,,,
professor,HGGSP_P01,,,,0;1;3;4;5;6;7;10;11;12;14;15;16;17;18;19;20;21;22;23;24;27;28;29;31;32;33;36;37;38;39,,,,,,,,,,
professor,HG_P01,,,,1;2;3;4;5;6;7;8;9;10;11;12;13;14;15;16;18;19;20;21;22;23;24;26;29;30;31;32;34;35;36;37;39,,,,,,,,,,
professor,HG_P02,,,,1;2;3;4;5;7;8;9;10;11;12;13;14;16;18;19;20;22;25;26;27;28;29;30;31;32;33;35;36;37,,,,,,,,,,
professor,HG_P03,,,,0;1;2;3;5;7;9;10;11;12;13;14;15;16;18;20;21;22;23;24;25;26;27;28;29;30;32;33;34;35;36;37;38;39,,,,,,,,,,
professor,L2_P01,,,,0;2;4;5;6;7;8;9;10;11;12;13;14;15;16;17;18;19;20;22;23;24;25;26;27;29;30;31;34;35;36;37;38,,,,,,,,,,
professor,L2_P02,,,,2;4;5;6;7;8;9;10;11;12;13;14;15;16;17;18;20;21;22;23;24;25;27;28;29;30;31;32;33;34;35;36;38;39,,,,,,,,,,
professor,MATHS_SPE_P01,,,,0;1;2;4;5;7;9;10;11;12;13;14;15;16;17;18;21;22;23;24;25;26;27;28;29;30;31;32;33;34;36;37;38;39,,,,,,,,,,
professor,MATH_P01,,,,0;1;2;3;5;7;9;10;11;12;15;16;17;18;19;20;21;23;24;25;26;29;30;31;32;33;36;37;38;39,,,,,,,,,,
professor,MATH_P02,,,,0;1;2;3;4;5;6;8;9;10;12;13;14;16;19;20;21;22;23;24;25;26;28;30;31;33;34;35;37;38,,,,,,,,,,
professor,MATH_P03,,,,0;2;3;5;6;7;8;9;10;11;12;13;14;15;16;19;20;21;22;23;24;25;27;28;29;30;31;32;33;34;35;37;39,,,,,,,,,,
professor,MATH_P04,,,,0;1;2;4;6;7;9;10;11;12;14;15;17;18;19;20;22;24;25;27;28;29;31;32;33;35;36;37;38;39,,,,,,,,,,
professor,NSI_P01,,,,0;3;4;5;6;7;8;9;10;11;12;14;16;18;19;20;21;22;23;24;25;26;27;28;29;30;31;33;34;35;36;37;38,,,,,,,,,,
professor,ORAL_P01,,,,0;1;2;4;5;6;7;8;10;12;13;14;15;18;21;22;23;25;26;27;28;29;30;31;32;33;34;35;36;37;38;39,,,,,,,,,,
professor,PHILO_P01,,,,0;1;2;3;4;6;7;9;11;13;14;15;16;17;18;19;20;21;23;24;25;26;27;28;29;30;31;32;33;34;35;36;38;39,,,,,,,,,,
professor,PHYS_P01,,,,0;1;2;5;6;7;11;12;13;14;15;17;18;19;20;21;23;26;27;28;29;30;31;32;33;34;35;36;37;38;39,,,,,,,,,,
professor,PHYS_SPE_P01,,,,0;2;3;4;5;6;7;8;9;10;11;12;13;14;16;17;18;22;23;24;25;26;27;29;30;31;33;34;35;36;37;38;39,,,,,,,,,,
professor,SES_P01,,,,0;1;2;3;4;5;6;7;8;10;11;12;13;14;15;16;17;19;20;23;24;25;26;27;28;29;31;32;33;34;36;37;39,,,,,,,,,,
professor,SES_P02,,,,0;1;2;3;4;5;7;8;9;10;11;12;13;14;15;16;17;18;19;20;21;23;24;25;26;27;29;31;32;33;34;35;38;39,,,,,,,,,,
professor,SES_SPE_P01,,,,1;2;3;4;6;7;8;12;13;14;15;16;17;18;19;20;21;22;23;24;26;27;28;30;32;33;34;35;37;38;39,,,,,,,,,,
professor,SNT_P01,,,,0;1;2;3;4;7;8;9;11;12;13;14;15;16;17;18;19;20;21;22;23;24;25;27;29;30;32;33;34;35;36;37;38;39,,,,,,,,,,
professor,SVT_P01,,,,0;1;2;3;6;8;10;11;12;13;14;15;17;18;19;20;21;22;23;24;26;27;28;29;31;32;34;35;36;37;38;39,,,,,,,,,,
room,R001,,,,0;1;2;3;4;5;6;7;8;9;10;11;12;13;14;15;16;17;18;19;21;22;23;24;25;26;27;28;29;30;31;32;33;34;35;36;37;38;39,,*,,,,,,,,
room,R002,,,,0;1;2;3;4;5;6;7;8;9;10;11;12;13;14;15;16;17;18;19;20;21;22;23;24;25;26;27;28;29;30;31;32;33;34;35;36;37;38;39,,*,,,,,,,,
room,R003,,,,0;1;2;3;4;5;6;7;8;9;10;11;12;13;14;15;16;17;18;19;20;21;22;23;24;25;26;27;28;29;30;31;32;33;34;35;36;37;38;39,,*,,,,,,,,
room,R004,,,,0;1;2;3;4;5;6;7;8;9;10;11;12;13;14;15;16;17;18;19;21;22;23;24;25;26;28;29;30;31;32;33;34;35;36;37;38;39,,*,,,,,,,,
room,R005,,,,0;1;2;3;4;5;6;7;8;9;10;11;12;13;14;15;16;17;18;19;20;21;22;23;24;25;26;27;28;29;30;31;32;33;34;35;36;37;38;39,,*,,,,,,,,
room,R006,,,,0;1;3;4;5;6;7;8;9;10;11;12;13;14;15;16;17;18;19;20;21;22;23;24;25;26;27;28;29;30;31;32;33;34;35;36;37;38;39,,*,,,,,,,,
room,R007,,,,0;1;2;4;5;6;7;8;9;10;11;12;13;14;15;16;17;18;19;20;21;22;23;24;25;26;27;28;29;30;31;32;34;35;36;37;38;39,,*,,,,,,,,
room,R008,,,,0;1;2;3;4;5;6;7;8;9;10;11;12;13;14;15;16;17;18;19;20;21;22;23;24;25;26;27;28;29;30;32;33;34;35;36;37;38;39,,*,,,,,,,,
room,R009,,,,0;1;2;3;4;5;6;7;8;9;10;11;12;13;14;15;16;17;18;19;20;21;22;23;24;25;27;28;29;30;32;33;34;35;36;37;38;39,,*,,,,,,,,
room,R010,,,,0;1;2;3;4;5;6;7;8;9;10;11;12;13;14;15;17;18;19;20;21;22;23;24;25;26;27;28;29;30;32;33;34;35;37;38;39,,*,,,,,,,,
room,R011,,,,0;1;2;3;4;5;6;7;8;9;10;11;12;13;14;15;16;17;18;19;20;21;22;23;25;26;27;28;29;30;31;32;33;34;35;36;37;38;39,,*,,,,,,,,
room,R012,,,,0;1;2;3;4;5;6;7;8;9;10;12;13;14;15;16;17;18;20;21;22;23;24;25;26;27;28;29;30;31;32;33;34;35;36;37;38;39,,*,,,,,,,,
room,R013,,,,0;1;2;3;4;5;6;7;8;9;10;11;12;13;14;15;16;17;18;19;20;21;22;23;24;25;27;28;29;30;31;32;33;34;35;36;37;38;39,,*,,,,,,,,
room,R014,,,,0;1;2;3;4;5;6;7;8;9;10;11;12;13;14;15;16;17;18;19;21;22;23;24;25;26;27;28;29;30;31;32;34;35;36;37;38;39,,*,,,,,,,,
room,R015,,,,0;1;2;3;4;5;6;7;8;9;10;11;12;13;14;15;16;17;18;19;20;21;22;23;25;26;27;28;29;30;31;32;33;34;35;36;37;38;39,,*,,,,,,,,
room,R016,,,,0;1;2;3;4;5;6;7;8;9;11;12;13;14;15;16;17;18;19;20;21;22;23;24;25;26;27;28;29;30;31;32;33;34;35;36;37;38;39,,*,,,,,,,,
room,R017,,,,0;1;2;3;4;5;6;7;8;9;10;11;12;13;14;15;16;17;18;19;20;21;22;23;24;25;26;27;28;29;30;31;32;33;34;35;36;37;38;39,,*,,,,,,,,
room,R018,,,,0;1;3;4;5;6;7;8;9;10;11;12;13;14;15;16;17;18;19;21;22;23;25;26;27;28;29;30;31;32;33;34;35;36;37;38;39,,*,,,,,,,,
room,R019,,,,0;1;2;3;4;5;6;7;8;9;10;11;12;13;14;15;16;17;18;19;20;21;22;23;24;25;26;27;28;29;30;31;33;34;35;36;37;38;39,,*,,,,,,,,
room,R020,,,,0;1;2;3;4;5;6;7;8;9;10;11;12;13;14;16;17;18;20;21;22;23;24;25;26;27;29;30;31;32;33;34;35;36;37;38;39,,*,,,,,,,,
room,PC1,,,,0;1;2;3;4;5;6;7;8;9;10;11;12;13;14;15;16;17;18;19;20;21;22;23;24;25;26;27;28;29;30;31;32;33;34;35;36;37;38;39,computers,SNT;NSI,,,,,,,,
room,PC2,,,,0;1;2;3;4;5;6;7;8;9;10;13;14;15;16;17;18;19;20;21;22;23;24;25;26;27;28;29;30;31;32;33;34;35;36;37;38;39,computers,SNT;NSI,,,,,,,,
room,PC3,,,,0;1;2;4;5;6;7;8;9;10;11;12;13;15;16;17;18;19;20;22;23;24;25;26;27;28;29;30;31;32;33;34;35;36;37;38;39,computers,SNT;NSI,,,,,,,,
room,LAB1,,,,0;1;2;3;4;5;6;7;8;9;10;11;12;13;14;15;16;17;18;19;20;21;22;23;24;25;26;27;28;29;30;31;32;33;34;35;36;37;38,lab,PHYS;SVT;ENSCI;PHYS_SPE,,,,,,,,
room,LAB2,,,,0;1;2;3;4;5;6;7;8;9;10;11;12;13;14;15;17;18;19;20;21;22;23;24;25;26;27;28;29;30;31;32;33;34;35;36;37;38;39,lab,PHYS;SVT;ENSCI;PHYS_SPE,,,,,,,,
room,LAB3,,,,0;1;2;5;6;7;8;9;10;11;12;13;14;15;16;17;18;19;20;21;22;23;24;25;26;27;28;29;30;31;32;33;34;35;37;38;39,lab,PHYS;SVT;ENSCI;PHYS_SPE,,,,,,,,
room,LAB4,,,,0;1;2;3;4;5;6;7;8;9;10;11;12;13;14;15;16;17;18;19;20;22;23;24;26;27;28;29;30;31;33;34;35;36;37;38;39,lab,PHYS;SVT;ENSCI;PHYS_SPE,,,,,,,,
room,GYM1,,,,0;1;2;3;4;5;6;7;8;10;11;12;13;14;15;17;18;19;20;21;22;24;25;26;27;28;29;30;31;32;33;34;35;36;37;38;39,gym,EPS,,,,,,,,
room,GYM2,,,,0;1;2;3;4;5;6;7;8;9;10;12;13;14;15;16;17;18;19;20;22;23;24;25;26;27;28;29;30;31;32;33;34;35;36;38;39,gym,EPS,,,,,,,,
room,GYM3,,,,0;1;2;3;4;5;6;7;8;9;10;12;13;14;15;16;17;18;19;21;22;23;24;25;26;27;28;29;30;31;32;33;34;35;36;37;38,gym,EPS,,,,,,,,
link,,,,,,,,,,,2nde1_PHYS_2,2nde1_PHYS_3,1,9,true
link,,,,,,,,,,,1re1_ENSCI_1,1re1_ENSCI_2,1,16,false
link,,,,,,,,,,,2nde2_PHYS_2,2nde2_PHYS_3,1,5,true
link,,,,,,,,,,,1re2_NSI_2,1re2_NSI_3,1,25,false
link,,,,,,,,,,,Tle2_ENSCI_1,Tle2_ENSCI_2,1,22,false
link,,,,,,,,,,,Tle2_NSI_1,Tle2_NSI_2,1,9,false
link,,,,,,,,,,,2nde3_PHYS_1,2nde3_PHYS_3,1,12,false
link,,,,,,,,,,,Tle3_NSI_1,Tle3_NSI_2,1,5,true
link,,,,,,,,,,,2nde4_PHYS_2,2nde4_PHYS_3,1,15,false
link,,,,,,,,,,,2nde4_SVT_1,2nde4_SVT_2,1,16,false
link,,,,,,,,,,,1re4_NSI_1,1re4_NSI_3,1,15,false
link,,,,,,,,,,,2nde5_PHYS_1,2nde5_PHYS_3,1,16,false
link,,,,,,,,,,,2nde5_SVT_1,2nde5_SVT_2,1,16,false
