slot_index,timeslot,assignments
0,Monday 08:00-09:00,"(ENSCI_P01,1re2_ENSCI_1,R002); (HG_P01,Tle2_HG_3,R007); (HG_P02,1re1_HG_1,R005); (MATH_P01,1re3_MATH_4,R004); (PHYS_P01,2nde1_PHYS_1,R012); (SES_P01,Tle1_SES_1,R001)"
1,Monday 09:00-10:00,"(FR_P01,1re3_FR_3,R002); (HG_P02,1re2_HG_1,R005); (L2_P01,Tle2_L2_2,R013); (MATH_P02,2nde3_MATH_1,R011); (PHILO_P01,Tle1_PHILO_3,R009); (PHYS_SPE_P01,1re1_PHYS_SPE_1,R007)"
2,Monday 10:00-11:00,"(EPS_P01,Tle1_EPS_2,GYM1); (FR_P01,1re3_FR_1,R007); (FR_P02,1re1_FR_4,R011); (HG_P01,2nde2_HG_3,R010); (L2_P01,2nde1_L2_1,R002); (PHILO_P01,Tle2_PHILO_2,R009)"
3,Monday 11:00-12:00,"(ENG_P01,1re3_ENG_2,R006); (HG_P01,2nde1_HG_1,R004); (L2_P01,1re2_L2_2,R011); (MATHS_SPE_P01,1re1_MATHS_SPE_3,R003); (PHYS_P01,2nde2_PHYS_3,LAB1); (SVT_P01,2nde3_SVT_1,R013)"
4,Monday 13:00-14:00,"(ENG_P02,2nde3_ENG_1,R001); (FR_P01,1re2_FR_3,R002); (FR_P02,2nde2_FR_2,R012); (HG_P01,1re3_HG_2,R007); (MATH_P01,1re1_MATH_3,R004); (PHILO_P01,Tle1_PHILO_1,R009)"
5,Monday 14:00-15:00,"(AP_P01,2nde1_AP_4,R002); (EMC_P01,2nde3_EMC_1,R004); (ENG_P01,Tle2_ENG_2,R006); (ENSCI_P01,1re2_ENSCI_2,LAB2); (FR_P02,2nde2_FR_4,R012); (PHYS_SPE_P01,1re1_PHYS_SPE_3,R007)"
6,Monday 15:00-16:00,"(ENG_P02,1re2_ENG_2,R001); (FR_P02,2nde3_FR_4,R012); (HGGSP_P01,Tle1_HGGSP_2,R003); (HG_P01,Tle2_HG_1,R007); (MATH_P01,1re1_MATH_1,R004); (MATH_P02,2nde1_MATH_1,R009)"
7,Monday 16:00-17:00,"(AP_P01,Tle2_AP_1,R011); (HGGSP_P01,1re3_HGGSP_1,R003); (MATH_P01,Tle1_MATH_1,R004); (MATH_P02,2nde1_MATH_3,R009); (PHYS_P01,2nde3_PHYS_2,R010); (PHYS_SPE_P01,1re1_PHYS_SPE_2,R012)"
8,Tuesday 08:00-09:00,"(EPS_P01,Tle1_EPS_1,GYM1); (FR_P02,2nde2_FR_3,R012); (MATH_P01,1re3_MATH_2,R004); (ORAL_P01,Tle2_ORAL_1,R001); (SES_P01,2nde1_SES_1,R005); (SVT_P01,2nde3_SVT_2,LAB2)"
9,Tuesday 09:00-10:00,"(EMC_P01,1re3_EMC_1,R012); (EPS_P01,2nde3_EPS_1,GYM1); (L2_P01,Tle2_L2_1,R013); (MATHS_SPE_P01,1re1_MATHS_SPE_2,R003); (MATH_P02,2nde1_MATH_4,R009); (SES_P01,1re2_SES_2,R001)"
10,Tuesday 10:00-11:00,"(EMC_P01,1re2_EMC_1,R004); (EPS_P01,1re3_EPS_2,GYM1); (FR_P02,2nde3_FR_2,R011); (HG_P01,2nde2_HG_2,R007); (L2_P01,2nde1_L2_2,R012); (PHILO_P01,Tle2_PHILO_4,R009)"
11,Tuesday 11:00-12:00,"(ENSCI_P01,1re3_ENSCI_2,LAB3); (HG_P02,1re1_HG_3,R014); (L2_P01,2nde2_L2_2,R013); (SES_P01,1re2_SES_1,R005); (SES_SPE_P01,Tle1_SES_SPE_2,R012); (SVT_P01,2nde1_SVT_2,LAB2)"
12,Tuesday 13:00-14:00,"(EMC_P01,1re1_EMC_1,R004); (FR_P01,1re2_FR_4,R002); (HG_P01,1re3_HG_1,R007); (SES_P01,Tle2_SES_1,R005); (SES_SPE_P01,Tle1_SES_SPE_1,R012); (SVT_P01,2nde1_SVT_1,R013)"
13,Tuesday 14:00-15:00,"(AP_P01,2nde1_AP_2,R001); (ENG_P01,2nde2_ENG_3,R006); (FR_P02,2nde3_FR_3,R014); (NSI_P01,1re2_NSI_2,PC1); (PHILO_P01,Tle2_PHILO_1,R009); (PHYS_SPE_P01,Tle1_PHYS_SPE_1,R007)"
14,Tuesday 15:00-16:00,"(ENG_P02,Tle1_ENG_1,R001); (EPS_P01,2nde2_EPS_1,GYM1); (HG_P01,1re3_HG_3,R007); (L2_P01,1re1_L2_1,R011); (MATH_P02,2nde3_MATH_3,R009); (SES_P01,Tle2_SES_2,R005)"
15,Tuesday 16:00-17:00,"(ENG_P02,2nde3_ENG_3,R001); (EPS_P01,Tle2_EPS_2,GYM1); (FR_P01,1re3_FR_4,R002); (PHILO_P01,Tle1_PHILO_2,R009); (SES_P01,2nde2_SES_1,R005)"
16,Wednesday 08:00-09:00,"(ENG_P01,2nde2_ENG_2,R006); (FR_P01,1re2_FR_2,R002); (L2_P01,Tle1_L2_1,R013); (MATH_P01,1re3_MATH_3,R004); (NSI_P01,Tle2_NSI_1,PC1); (PHYS_P01,2nde3_PHYS_3,LAB1)"
17,Wednesday 09:00-10:00,"(AP_P01,Tle2_AP_2,R011); (EMC_P01,Tle1_EMC_1,R004); (FR_P02,1re1_FR_3,R012); (HGGSP_P01,1re3_HGGSP_2,R003); (L2_P01,2nde2_L2_1,R009)"
18,Wednesday 10:00-11:00,"(EMC_P01,Tle2_EMC_1,R004); (FR_P01,2nde1_FR_3,R014); (HGGSP_P01,1re2_HGGSP_3,R007); (HG_P02,2nde3_HG_2,R005); (L2_P01,1re3_L2_2,R013); (MATH_P02,2nde2_MATH_1,R011)"
19,Wednesday 11:00-12:00,"(FR_P02,2nde3_FR_1,R011); (HG_P01,2nde1_HG_2,R007); (HG_P02,Tle1_HG_1,R005); (L2_P01,1re3_L2_1,R013); (MATHS_SPE_P01,1re2_MATHS_SPE_2,R002); (NSI_P01,Tle2_NSI_2,PC1)"
20,Wednesday 13:00-14:00,"(AP_P01,2nde1_AP_3,R002); (HG_P01,2nde2_HG_1,R004); (HG_P02,2nde3_HG_1,R014); (MATH_P02,Tle2_MATH_3,R009); (SES_P01,1re3_SES_2,R005); (SES_SPE_P01,1re1_SES_SPE_1,R013)"
21,Wednesday 14:00-15:00,"(AP_P01,2nde1_AP_1,R011); (EPS_P01,2nde3_EPS_2,GYM1); (FR_P02,1re1_FR_2,R012); (HG_P01,Tle2_HG_2,R007); (HG_P02,Tle1_HG_2,R005); (MATH_P02,2nde2_MATH_2,R009)"
22,Wednesday 15:00-16:00,"(AP_P01,2nde3_AP_4,R011); (EPS_P01,1re2_EPS_2,GYM1); (MATH_P01,1re1_MATH_2,R006); (PHILO_P01,Tle2_PHILO_3,R009); (PHYS_P01,2nde1_PHYS_3,LAB1); (PHYS_SPE_P01,1re3_PHYS_SPE_2,R007); (SNT_P01,2nde2_SNT_1,PC2)"
23,Wednesday 16:00-17:00,"(EMC_P01,2nde1_EMC_1,R004); (ENG_P01,Tle2_ENG_1,R006); (HGGSP_P01,1re2_HGGSP_1,R003); (L2_P01,2nde3_L2_2,R013); (MATH_P01,1re1_MATH_4,R009); (PHYS_SPE_P01,1re3_PHYS_SPE_3,R007)"
24,Thursday 08:00-09:00,"(AP_P01,2nde3_AP_2,R011); (EPS_P01,Tle2_EPS_1,GYM1); (FR_P01,2nde1_FR_2,R013); (HG_P02,1re2_HG_3,R005); (MATH_P02,2nde2_MATH_3,R014); (PHYS_SPE_P01,Tle1_PHYS_SPE_2,R007)"
25,Thursday 09:00-10:00,"(AP_P01,2nde2_AP_2,R011); (ENG_P01,1re3_ENG_1,R007); (FR_P02,1re1_FR_1,R012); (HG_P02,1re2_HG_2,R005); (MATH_P01,Tle1_MATH_2,R004); (MATH_P02,2nde3_MATH_4,R009)"
26,Thursday 10:00-11:00,"(AP_P01,2nde2_AP_3,R011); (ENG_P02,1re1_ENG_1,R001); (ENSCI_P01,1re3_ENSCI_1,R002); (EPS_P01,1re2_EPS_1,GYM1); (MATH_P01,Tle1_MATH_3,R004); (MATH_P02,2nde1_MATH_2,R009)"
27,Thursday 11:00-12:00,"(AP_P01,Tle1_AP_2,R011); (ENG_P01,2nde1_ENG_3,R006); (HG_P02,2nde3_HG_3,R005); (MATHS_SPE_P01,1re2_MATHS_SPE_1,R002); (MATH_P02,Tle2_MATH_1,R009); (PHYS_P01,2nde2_PHYS_1,R012); (SES_SPE_P01,1re3_SES_SPE_1,R008)"
28,Thursday 13:00-14:00,"(AP_P01,2nde3_AP_3,R011); (ENG_P01,2nde1_ENG_2,R006); (ENSCI_P01,Tle2_ENSCI_1,R009); (HGGSP_P01,Tle1_HGGSP_1,R003); (L2_P01,1re2_L2_1,R013); (SES_P01,1re1_SES_1,R005)"
29,Thursday 14:00-15:00,"(ENG_P02,1re1_ENG_2,R009); (FR_P01,1re3_FR_2,R007); (NSI_P01,1re2_NSI_1,PC1); (PHYS_P01,2nde2_PHYS_2,R010); (PHYS_SPE_P01,Tle2_PHYS_SPE_1,R005); (SES_P01,Tle1_SES_2,R001); (SNT_P01,2nde1_SNT_1,PC2)"
30,Thursday 15:00-16:00,"(AP_P01,Tle1_AP_1,R011); (ENG_P01,2nde1_ENG_1,R005); (ENG_P02,2nde3_ENG_2,R009); (EPS_P01,1re3_EPS_1,GYM1); (MATHS_SPE_P01,Tle2_MATHS_SPE_2,R002); (SVT_P01,2nde2_SVT_1,R013)"
31,Thursday 16:00-17:00,"(ENSCI_P01,1re1_ENSCI_1,R002); (MATH_P01,1re3_MATH_1,R004); (NSI_P01,1re2_NSI_3,PC1); (PHILO_P01,Tle1_PHILO_4,R009); (PHYS_P01,2nde1_PHYS_2,R012); (SES_P01,2nde3_SES_1,R010)"
32,Friday 08:00-09:00,"(AP_P01,2nde2_AP_4,R011); (ENSCI_P01,Tle1_ENSCI_1,R009); (FR_P01,1re2_FR_1,R002); (HG_P01,2nde1_HG_3,R007); (L2_P01,1re1_L2_2,R013); (SES_SPE_P01,1re3_SES_SPE_2,R012)"
33,Friday 09:00-10:00,"(ENSCI_P01,Tle2_ENSCI_2,LAB3); (FR_P02,2nde2_FR_1,R011); (HGGSP_P01,1re2_HGGSP_2,R003); (HG_P02,1re1_HG_2,R005); (L2_P01,Tle1_L2_2,R013); (PHYS_SPE_P01,1re3_PHYS_SPE_1,R007)"
34,Friday 10:00-11:00,"(ENG_P02,1re2_ENG_1,R001); (ENSCI_P01,1re1_ENSCI_2,LAB2); (EPS_P01,2nde1_EPS_1,GYM1); (L2_P01,2nde3_L2_1,R013); (MATHS_SPE_P01,Tle2_MATHS_SPE_1,R002); (MATH_P02,2nde2_MATH_4,R006)"
35,Friday 11:00-12:00,"(AP_P01,2nde2_AP_1,R011); (EPS_P01,1re1_EPS_1,GYM1); (HG_P02,Tle1_HG_3,R005); (MATH_P01,1re2_MATH_2,R004); (MATH_P02,2nde3_MATH_2,R009); (PHYS_SPE_P01,Tle2_PHYS_SPE_2,R007)"
36,Friday 13:00-14:00,"(ENSCI_P01,Tle1_ENSCI_2,LAB3); (EPS_P01,2nde1_EPS_2,GYM1); (MATH_P01,1re2_MATH_3,R004); (PHYS_P01,2nde3_PHYS_1,R009); (SES_SPE_P01,1re1_SES_SPE_2,R012); (SVT_P01,2nde2_SVT_2,LAB2)"
37,Friday 14:00-15:00,"(ENG_P01,2nde2_ENG_1,R006); (ENG_P02,Tle1_ENG_2,R001); (MATH_P01,1re2_MATH_4,R004); (MATH_P02,Tle2_MATH_2,R009); (SES_P01,1re1_SES_2,R005); (SES_SPE_P01,1re3_SES_SPE_3,R012)"
38,Friday 15:00-16:00,"(EPS_P01,2nde2_EPS_2,GYM1); (FR_P01,2nde1_FR_1,R005); (MATHS_SPE_P01,1re1_MATHS_SPE_1,R002); (ORAL_P01,Tle1_ORAL_1,R001); (SNT_P01,2nde3_SNT_1,PC2)"
39,Friday 16:00-17:00,"(AP_P01,2nde3_AP_1,R001); (EMC_P01,2nde2_EMC_1,R004); (EPS_P01,1re1_EPS_2,GYM1); (FR_P01,2nde1_FR_4,R005); (MATH_P01,1re2_MATH_1,R006); (SES_P01,1re3_SES_1,R010)"
